time,garmin,cosinuss,polar,firstbeat
90,86.0,76.0,79.0,77.0
91,88.0,79.0,79.0,77.0
92,88.0,79.0,78.0,77.0
93,89.0,80.0,77.0,77.0
94,89.0,80.0,77.0,78.0
95,90.0,79.0,76.0,78.0
96,90.0,79.0,76.0,78.0
97,90.0,76.0,76.0,79.0
98,90.0,76.0,76.0,79.0
99,91.0,75.0,76.0,79.0
100,91.0,75.0,79.0,79.0
101,94.0,75.0,79.0,80.0
102,94.0,75.0,79.0,80.0
103,93.0,80.0,79.0,81.0
104,92.0,80.0,81.0,82.0
105,92.0,80.0,81.0,82.0
106,92.0,80.0,83.0,83.0
107,92.0,81.0,84.0,84.0
108,92.0,81.0,85.0,85.0
109,94.0,82.0,85.0,85.0
110,95.0,82.0,85.0,86.0
111,95.0,81.0,86.0,87.0
112,96.0,81.0,88.0,88.0
113,96.0,81.0,89.0,89.0
114,96.0,81.0,92.0,90.0
115,95.0,81.0,92.0,91.0
116,92.0,81.0,92.0,91.0
117,91.0,81.0,92.0,92.0
118,89.0,81.0,90.0,93.0
119,88.0,81.0,88.0,93.0
120,87.0,81.0,87.0,94.0
121,86.0,81.0,87.0,95.0
122,87.0,81.0,88.0,96.0
123,89.0,81.0,90.0,95.0
124,90.0,81.0,90.0,94.0
125,91.0,78.0,90.0,92.0
126,91.0,78.0,89.0,91.0
127,93.0,75.0,87.0,90.0
128,93.0,75.0,86.0,88.0
129,94.0,75.0,85.0,87.0
130,94.0,75.0,85.0,86.0
131,94.0,71.0,85.0,84.0
132,94.0,71.0,86.0,83.0
133,94.0,62.0,87.0,82.0
134,94.0,62.0,87.0,83.0
135,94.0,63.0,87.0,83.0
136,94.0,63.0,87.0,84.0
137,95.0,62.0,85.0,85.0
138,95.0,62.0,86.0,85.0
139,94.0,62.0,86.0,86.0
140,94.0,62.0,87.0,86.0
141,94.0,62.0,88.0,87.0
142,94.0,62.0,90.0,87.0
143,95.0,61.0,90.0,88.0
144,95.0,61.0,91.0,89.0
145,96.0,73.0,92.0,90.0
146,97.0,73.0,93.0,90.0
147,97.0,64.0,93.0,91.0
148,97.0,64.0,93.0,91.0
149,96.0,60.0,93.0,92.0
150,95.0,60.0,93.0,93.0
151,93.0,61.0,94.0,93.0
152,92.0,61.0,94.0,94.0
153,91.0,63.0,94.0,94.0
154,91.0,63.0,94.0,95.0
155,91.0,82.0,94.0,95.0
156,91.0,82.0,95.0,95.0
157,91.0,90.0,95.0,95.0
158,91.0,90.0,95.0,95.0
159,92.0,92.0,96.0,95.0
160,93.0,92.0,97.0,95.0
161,93.0,93.0,97.0,95.0
162,93.0,93.0,96.0,95.0
163,94.0,95.0,94.0,95.0
164,94.0,95.0,94.0,95.0
165,94.0,94.0,93.0,94.0
166,95.0,94.0,93.0,94.0
167,95.0,92.0,94.0,93.0
168,95.0,92.0,93.0,93.0
169,95.0,90.0,93.0,93.0
170,94.0,90.0,92.0,92.0
171,94.0,92.0,91.0,92.0
172,94.0,92.0,92.0,91.0
173,89.0,91.0,92.0,91.0
174,89.0,91.0,93.0,91.0
175,89.0,89.0,93.0,91.0
176,89.0,89.0,94.0,91.0
177,90.0,92.0,95.0,91.0
178,90.0,92.0,94.0,90.0
179,90.0,94.0,93.0,90.0
180,91.0,94.0,91.0,90.0
181,92.0,94.0,90.0,90.0
182,92.0,94.0,90.0,90.0
183,93.0,89.0,91.0,90.0
184,93.0,89.0,91.0,91.0
185,93.0,88.0,90.0,91.0
186,94.0,88.0,90.0,91.0
187,94.0,90.0,89.0,92.0
188,94.0,90.0,89.0,92.0
189,94.0,89.0,88.0,93.0
190,94.0,89.0,89.0,93.0
191,94.0,85.0,90.0,93.0
192,95.0,85.0,91.0,94.0
193,95.0,87.0,93.0,94.0
194,95.0,87.0,94.0,94.0
195,98.0,93.0,95.0,95.0
196,98.0,93.0,95.0,95.0
197,96.0,95.0,95.0,95.0
198,97.0,95.0,95.0,95.0
199,97.0,96.0,95.0,95.0
200,97.0,96.0,95.0,95.0
201,97.0,96.0,95.0,95.0
202,97.0,96.0,95.0,95.0
203,97.0,95.0,95.0,95.0
204,97.0,95.0,96.0,95.0
205,97.0,95.0,96.0,95.0
206,95.0,95.0,97.0,95.0
207,94.0,96.0,99.0,95.0
208,93.0,96.0,99.0,95.0
209,90.0,97.0,98.0,94.0
210,90.0,97.0,98.0,94.0
211,89.0,99.0,96.0,94.0
212,89.0,99.0,95.0,94.0
213,89.0,97.0,94.0,93.0
214,89.0,97.0,93.0,93.0
215,90.0,93.0,93.0,93.0
216,90.0,93.0,93.0,92.0
217,90.0,91.0,94.0,92.0
218,90.0,91.0,94.0,91.0
219,90.0,92.0,93.0,91.0
220,90.0,92.0,92.0,91.0
221,90.0,92.0,91.0,90.0
222,90.0,92.0,90.0,90.0
223,91.0,88.0,89.0,89.0
224,92.0,88.0,90.0,90.0
225,94.0,87.0,90.0,90.0
226,94.0,87.0,91.0,90.0
227,94.0,87.0,92.0,90.0
228,94.0,87.0,92.0,90.0
229,94.0,90.0,92.0,90.0
230,93.0,90.0,90.0,90.0
231,91.0,92.0,90.0,90.0
232,90.0,92.0,90.0,90.0
233,90.0,91.0,89.0,90.0
234,89.0,91.0,90.0,90.0
235,89.0,90.0,91.0,90.0
236,90.0,90.0,91.0,91.0
237,91.0,90.0,92.0,91.0
238,91.0,90.0,93.0,91.0
239,92.0,91.0,94.0,91.0
240,92.0,91.0,94.0,92.0
241,92.0,93.0,94.0,92.0
242,93.0,93.0,93.0,92.0
243,93.0,94.0,91.0,92.0
244,94.0,94.0,90.0,92.0
245,94.0,93.0,89.0,92.0
246,94.0,93.0,89.0,92.0
247,95.0,90.0,89.0,92.0
248,95.0,90.0,90.0,92.0
249,95.0,88.0,92.0,92.0
250,95.0,88.0,93.0,92.0
251,96.0,89.0,94.0,92.0
252,96.0,89.0,94.0,92.0
253,99.0,94.0,95.0,93.0
254,98.0,94.0,94.0,93.0
255,97.0,95.0,94.0,93.0
256,96.0,95.0,94.0,94.0
257,94.0,95.0,94.0,94.0
258,94.0,95.0,94.0,94.0
259,94.0,95.0,95.0,95.0
260,94.0,95.0,96.0,95.0
261,93.0,93.0,96.0,95.0
262,93.0,93.0,96.0,96.0
263,93.0,92.0,97.0,96.0
264,94.0,92.0,97.0,95.0
265,94.0,92.0,98.0,95.0
266,94.0,92.0,98.0,95.0
267,94.0,92.0,97.0,95.0
268,94.0,92.0,97.0,95.0
269,93.0,94.0,96.0,94.0
270,91.0,94.0,96.0,94.0
271,90.0,95.0,95.0,94.0
272,90.0,95.0,94.0,94.0
273,90.0,95.0,93.0,93.0
274,90.0,95.0,92.0,93.0
275,90.0,95.0,92.0,93.0
276,90.0,95.0,92.0,93.0
277,90.0,93.0,92.0,93.0
278,90.0,93.0,94.0,93.0
279,90.0,91.0,94.0,92.0
280,90.0,91.0,94.0,92.0
281,89.0,92.0,94.0,92.0
282,90.0,92.0,92.0,92.0
283,90.0,92.0,92.0,92.0
284,90.0,92.0,91.0,91.0
285,90.0,90.0,91.0,91.0
286,89.0,90.0,91.0,91.0
287,89.0,89.0,91.0,91.0
288,89.0,89.0,92.0,91.0
289,89.0,89.0,92.0,91.0
290,90.0,89.0,93.0,91.0
291,90.0,92.0,93.0,91.0
292,90.0,92.0,92.0,91.0
293,90.0,93.0,91.0,91.0
294,90.0,93.0,90.0,91.0
295,91.0,92.0,90.0,90.0
296,92.0,92.0,89.0,90.0
297,93.0,89.0,89.0,90.0
298,94.0,89.0,90.0,90.0
299,94.0,88.0,90.0,90.0
300,94.0,88.0,90.0,90.0
301,94.0,89.0,91.0,90.0
302,94.0,89.0,91.0,90.0
303,95.0,91.0,91.0,90.0
304,95.0,91.0,90.0,90.0
305,95.0,91.0,90.0,90.0
306,95.0,91.0,91.0,91.0
307,95.0,90.0,91.0,91.0
308,95.0,90.0,92.0,91.0
309,95.0,90.0,93.0,92.0
310,95.0,90.0,93.0,92.0
311,95.0,91.0,93.0,92.0
312,95.0,91.0,93.0,93.0
313,95.0,93.0,92.0,93.0
314,95.0,93.0,92.0,94.0
315,95.0,93.0,93.0,94.0
316,95.0,93.0,95.0,94.0
317,95.0,92.0,95.0,95.0
318,94.0,92.0,95.0,95.0
319,94.0,91.0,95.0,95.0
320,94.0,91.0,95.0,96.0
321,93.0,91.0,96.0,96.0
322,93.0,91.0,96.0,96.0
323,93.0,91.0,98.0,96.0
324,93.0,91.0,99.0,95.0
325,93.0,91.0,100.0,94.0
326,92.0,91.0,100.0,93.0
327,92.0,98.0,98.0,92.0
328,92.0,98.0,98.0,91.0
329,92.0,96.0,98.0,90.0
330,92.0,96.0,98.0,89.0
331,92.0,91.0,93.0,88.0
332,92.0,91.0,93.0,87.0
333,92.0,87.0,92.0,87.0
334,92.0,87.0,92.0,88.0
335,92.0,83.0,92.0,88.0
336,93.0,83.0,92.0,89.0
337,94.0,85.0,93.0,89.0
338,96.0,85.0,93.0,90.0
339,96.0,89.0,94.0,90.0
340,96.0,89.0,93.0,91.0
341,96.0,89.0,93.0,91.0
342,97.0,89.0,93.0,92.0
343,96.0,90.0,93.0,92.0
344,95.0,90.0,93.0,92.0
345,95.0,91.0,92.0,92.0
346,95.0,91.0,91.0,92.0
347,95.0,90.0,92.0,91.0
348,95.0,90.0,92.0,91.0
349,94.0,90.0,92.0,91.0
350,95.0,90.0,90.0,91.0
351,96.0,90.0,90.0,91.0
352,96.0,90.0,91.0,91.0
353,96.0,90.0,91.0,91.0
354,95.0,90.0,91.0,91.0
355,94.0,90.0,93.0,91.0
356,95.0,90.0,94.0,91.0
357,94.0,90.0,94.0,91.0
358,94.0,90.0,94.0,91.0
359,94.0,90.0,91.0,91.0
360,94.0,90.0,91.0,91.0
361,95.0,84.0,91.0,91.0
362,96.0,84.0,92.0,92.0
363,98.0,87.0,93.0,92.0
364,98.0,87.0,94.0,92.0
365,98.0,86.0,95.0,92.0
366,98.0,86.0,95.0,93.0
367,97.0,90.0,95.0,93.0
368,97.0,90.0,94.0,93.0
369,96.0,91.0,94.0,93.0
370,96.0,91.0,93.0,93.0
371,96.0,91.0,94.0,94.0
372,96.0,91.0,94.0,94.0
373,96.0,92.0,94.0,94.0
374,96.0,92.0,95.0,95.0
375,96.0,93.0,96.0,95.0
376,96.0,93.0,97.0,95.0
377,96.0,94.0,97.0,95.0
378,96.0,94.0,98.0,95.0
379,96.0,96.0,98.0,96.0
380,95.0,96.0,97.0,96.0
381,95.0,98.0,96.0,96.0
382,95.0,98.0,96.0,96.0
383,96.0,97.0,96.0,96.0
384,96.0,97.0,97.0,96.0
385,96.0,95.0,97.0,96.0
386,96.0,95.0,97.0,96.0
387,96.0,96.0,97.0,96.0
388,96.0,96.0,97.0,96.0
389,96.0,96.0,96.0,96.0
390,96.0,96.0,96.0,96.0
391,96.0,97.0,96.0,96.0
392,96.0,97.0,96.0,96.0
393,96.0,97.0,96.0,96.0
394,96.0,97.0,96.0,96.0
395,96.0,97.0,96.0,96.0
396,96.0,97.0,96.0,96.0
397,96.0,96.0,96.0,96.0
398,96.0,96.0,96.0,96.0
399,96.0,96.0,96.0,96.0
400,96.0,96.0,96.0,96.0
401,96.0,96.0,97.0,96.0
402,96.0,96.0,97.0,96.0
403,96.0,96.0,97.0,96.0
404,96.0,96.0,97.0,96.0
405,96.0,97.0,96.0,96.0
406,96.0,97.0,96.0,96.0
407,96.0,96.0,96.0,96.0
408,96.0,96.0,96.0,96.0
409,96.0,94.0,97.0,96.0
410,96.0,94.0,97.0,97.0
411,96.0,95.0,97.0,97.0
412,96.0,95.0,98.0,97.0
413,96.0,95.0,98.0,96.0
414,96.0,95.0,98.0,96.0
415,96.0,94.0,98.0,95.0
416,95.0,94.0,98.0,95.0
417,95.0,97.0,99.0,95.0
418,95.0,97.0,99.0,94.0
419,95.0,99.0,99.0,94.0
420,94.0,99.0,99.0,93.0
421,94.0,98.0,97.0,93.0
422,93.0,98.0,95.0,92.0
423,93.0,92.0,93.0,92.0
424,93.0,92.0,92.0,91.0
425,92.0,88.0,93.0,90.0
426,92.0,88.0,94.0,90.0
427,92.0,88.0,95.0,89.0
428,92.0,88.0,94.0,89.0
429,92.0,89.0,94.0,88.0
430,93.0,89.0,94.0,88.0
431,93.0,88.0,94.0,87.0
432,93.0,88.0,94.0,87.0
433,93.0,84.0,89.0,86.0
434,93.0,84.0,89.0,86.0
435,92.0,75.0,87.0,86.0
436,92.0,75.0,88.0,86.0
437,92.0,75.0,89.0,86.0
438,92.0,75.0,91.0,86.0
439,92.0,71.0,91.0,86.0
440,92.0,71.0,91.0,86.0
441,92.0,69.0,91.0,86.0
442,92.0,69.0,89.0,86.0
443,92.0,68.0,88.0,86.0
444,92.0,68.0,87.0,86.0
445,92.0,77.0,86.0,86.0
446,92.0,77.0,86.0,86.0
447,92.0,79.0,85.0,86.0
448,92.0,79.0,84.0,86.0
449,91.0,81.0,84.0,86.0
450,91.0,81.0,85.0,86.0
451,90.0,80.0,86.0,86.0
452,90.0,80.0,88.0,86.0
453,89.0,78.0,91.0,85.0
454,88.0,78.0,93.0,83.0
455,88.0,77.0,94.0,82.0
456,87.0,77.0,94.0,81.0
457,87.0,77.0,94.0,80.0
458,86.0,77.0,94.0,79.0
459,86.0,77.0,90.0,78.0
460,86.0,77.0,87.0,77.0
461,86.0,75.0,84.0,76.0
462,89.0,75.0,84.0,75.0
463,90.0,69.0,84.0,74.0
464,90.0,69.0,84.0,74.0
465,90.0,72.0,84.0,74.0
466,90.0,72.0,83.0,74.0
467,92.0,77.0,83.0,74.0
468,92.0,77.0,83.0,75.0
469,91.0,78.0,83.0,75.0
470,90.0,78.0,80.0,75.0
471,88.0,77.0,80.0,75.0
472,88.0,77.0,81.0,75.0
473,89.0,72.0,81.0,77.0
474,91.0,72.0,82.0,78.0
475,92.0,73.0,83.0,79.0
476,91.0,73.0,84.0,81.0
477,89.0,73.0,85.0,82.0
478,89.0,73.0,85.0,83.0
479,91.0,73.0,86.0,84.0
480,91.0,73.0,87.0,86.0
481,90.0,72.0,88.0,87.0
482,90.0,72.0,91.0,88.0
483,89.0,72.0,91.0,90.0
484,89.0,72.0,91.0,90.0
485,88.0,72.0,91.0,90.0
486,89.0,72.0,90.0,90.0
487,88.0,72.0,90.0,90.0
488,88.0,72.0,90.0,90.0
489,88.0,72.0,90.0,90.0
490,87.0,72.0,91.0,90.0
491,87.0,62.0,91.0,90.0
492,87.0,62.0,91.0,90.0
493,87.0,65.0,92.0,90.0
494,87.0,65.0,92.0,90.0
495,87.0,66.0,91.0,89.0
496,87.0,66.0,90.0,89.0
497,88.0,58.0,89.0,89.0
498,87.0,58.0,89.0,88.0
499,87.0,60.0,89.0,88.0
500,88.0,60.0,88.0,88.0
501,88.0,61.0,88.0,87.0
502,88.0,61.0,88.0,87.0
503,88.0,61.0,88.0,87.0
504,89.0,61.0,87.0,87.0
505,88.0,60.0,87.0,87.0
506,88.0,60.0,87.0,87.0
507,88.0,60.0,87.0,87.0
508,88.0,60.0,87.0,87.0
509,88.0,57.0,87.0,87.0
510,89.0,57.0,89.0,87.0
511,88.0,55.0,89.0,88.0
512,89.0,55.0,89.0,88.0
513,89.0,55.0,88.0,88.0
514,88.0,55.0,88.0,88.0
515,88.0,55.0,88.0,88.0
516,90.0,55.0,88.0,88.0
517,90.0,55.0,88.0,88.0
518,91.0,55.0,89.0,88.0
519,91.0,63.0,89.0,88.0
520,91.0,63.0,88.0,88.0
521,91.0,76.0,88.0,88.0
522,91.0,76.0,87.0,88.0
523,92.0,84.0,88.0,88.0
524,92.0,84.0,88.0,88.0
525,93.0,86.0,88.0,89.0
526,93.0,86.0,89.0,89.0
527,93.0,88.0,90.0,89.0
528,93.0,88.0,90.0,90.0
529,93.0,92.0,91.0,90.0
530,92.0,92.0,91.0,90.0
531,91.0,92.0,91.0,91.0
532,91.0,92.0,91.0,91.0
533,90.0,90.0,91.0,91.0
534,89.0,90.0,91.0,92.0
535,89.0,91.0,91.0,92.0
536,88.0,91.0,92.0,92.0
537,88.0,92.0,92.0,92.0
538,88.0,92.0,92.0,92.0
539,88.0,92.0,92.0,92.0
540,89.0,92.0,92.0,93.0
541,88.0,91.0,92.0,93.0
542,88.0,91.0,93.0,93.0
543,88.0,90.0,94.0,93.0
544,88.0,90.0,95.0,92.0
545,88.0,90.0,96.0,92.0
546,87.0,90.0,96.0,92.0
547,87.0,90.0,95.0,91.0
548,88.0,90.0,93.0,91.0
549,88.0,94.0,92.0,90.0
550,86.0,94.0,90.0,90.0
551,86.0,94.0,90.0,90.0
552,87.0,94.0,90.0,89.0
553,87.0,89.0,90.0,89.0
554,87.0,89.0,90.0,89.0
555,87.0,87.0,90.0,89.0
556,87.0,87.0,89.0,89.0
557,87.0,89.0,88.0,89.0
558,87.0,89.0,88.0,88.0
559,87.0,89.0,87.0,88.0
560,88.0,89.0,87.0,88.0
561,88.0,87.0,87.0,88.0
562,88.0,87.0,88.0,88.0
563,88.0,86.0,89.0,89.0
564,90.0,86.0,89.0,90.0
565,91.0,88.0,89.0,91.0
566,90.0,88.0,89.0,92.0
567,88.0,87.0,86.0,93.0
568,88.0,87.0,86.0,94.0
569,88.0,85.0,84.0,95.0
570,88.0,85.0,85.0,96.0
571,88.0,81.0,85.0,97.0
572,89.0,81.0,85.0,97.0
573,88.0,81.0,86.0,98.0
574,87.0,81.0,87.0,97.0
575,87.0,85.0,88.0,97.0
576,85.0,85.0,88.0,96.0
577,84.0,91.0,88.0,96.0
578,84.0,91.0,88.0,95.0
579,84.0,89.0,89.0,95.0
580,84.0,89.0,89.0,94.0
581,84.0,89.0,90.0,94.0
582,84.0,89.0,91.0,93.0
583,84.0,89.0,90.0,93.0
584,84.0,89.0,90.0,92.0
585,84.0,92.0,89.0,92.0
586,84.0,92.0,88.0,92.0
587,84.0,89.0,88.0,91.0
588,84.0,89.0,87.0,91.0
589,85.0,86.0,87.0,91.0
590,85.0,86.0,86.0,90.0
591,85.0,86.0,86.0,90.0
592,85.0,86.0,86.0,90.0
593,85.0,85.0,86.0,90.0
594,86.0,85.0,87.0,90.0
595,86.0,85.0,87.0,91.0
596,86.0,85.0,87.0,91.0
597,86.0,86.0,87.0,91.0
598,86.0,86.0,88.0,92.0
599,86.0,87.0,88.0,92.0
600,86.0,87.0,88.0,93.0
601,86.0,88.0,88.0,93.0
602,86.0,88.0,89.0,93.0
603,86.0,88.0,89.0,94.0
604,86.0,88.0,90.0,94.0
605,85.0,89.0,89.0,94.0
606,85.0,89.0,89.0,94.0
607,85.0,91.0,87.0,94.0
608,85.0,91.0,87.0,94.0
609,85.0,90.0,87.0,94.0
610,85.0,90.0,87.0,95.0
611,85.0,87.0,87.0,95.0
612,85.0,87.0,87.0,95.0
613,85.0,86.0,87.0,94.0
614,85.0,86.0,88.0,93.0
615,87.0,86.0,89.0,92.0
616,88.0,86.0,89.0,92.0
617,88.0,89.0,89.0,91.0
618,88.0,89.0,88.0,90.0
619,88.0,89.0,87.0,89.0
620,88.0,89.0,86.0,88.0
621,88.0,88.0,84.0,88.0
622,88.0,88.0,84.0,87.0
623,88.0,85.0,85.0,86.0
624,88.0,85.0,85.0,87.0
625,88.0,83.0,86.0,87.0
626,87.0,83.0,87.0,87.0
627,88.0,84.0,87.0,87.0
628,88.0,84.0,88.0,88.0
629,88.0,86.0,89.0,88.0
630,88.0,86.0,89.0,88.0
631,88.0,88.0,88.0,88.0
632,88.0,88.0,88.0,89.0
633,88.0,88.0,88.0,89.0
634,88.0,88.0,89.0,90.0
635,88.0,87.0,89.0,90.0
636,88.0,87.0,89.0,90.0
637,88.0,87.0,91.0,91.0
638,88.0,87.0,92.0,91.0
639,89.0,88.0,92.0,91.0
640,89.0,88.0,92.0,92.0
641,90.0,88.0,92.0,92.0
642,90.0,88.0,92.0,93.0
643,91.0,90.0,92.0,93.0
644,91.0,90.0,94.0,94.0
645,95.0,90.0,95.0,94.0
646,100.0,90.0,96.0,94.0
647,102.0,91.0,96.0,95.0
648,105.0,91.0,96.0,95.0
649,104.0,90.0,95.0,96.0
650,108.0,90.0,96.0,96.0
651,109.0,90.0,97.0,96.0
652,109.0,90.0,100.0,97.0
653,111.0,90.0,101.0,98.0
654,110.0,90.0,103.0,99.0
655,109.0,94.0,104.0,100.0
656,109.0,94.0,105.0,101.0
657,109.0,104.0,106.0,102.0
658,109.0,104.0,107.0,103.0
659,109.0,108.0,107.0,104.0
660,109.0,108.0,108.0,105.0
661,109.0,108.0,107.0,106.0
662,110.0,108.0,107.0,107.0
663,110.0,108.0,107.0,108.0
664,111.0,108.0,107.0,109.0
665,111.0,108.0,107.0,109.0
666,112.0,108.0,108.0,110.0
667,112.0,106.0,110.0,111.0
668,113.0,106.0,111.0,111.0
669,113.0,108.0,112.0,112.0
670,113.0,108.0,113.0,112.0
671,110.0,108.0,114.0,113.0
672,114.0,108.0,115.0,114.0
673,115.0,109.0,116.0,115.0
674,120.0,109.0,117.0,116.0
675,124.0,109.0,118.0,117.0
676,125.0,109.0,119.0,117.0
677,126.0,113.0,120.0,118.0
678,128.0,113.0,121.0,119.0
679,128.0,117.0,122.0,120.0
680,126.0,117.0,123.0,121.0
681,125.0,119.0,123.0,121.0
682,124.0,119.0,123.0,122.0
683,125.0,116.0,124.0,123.0
684,126.0,116.0,124.0,123.0
685,126.0,116.0,124.0,123.0
686,125.0,116.0,124.0,123.0
687,126.0,120.0,124.0,123.0
688,128.0,120.0,124.0,124.0
689,129.0,122.0,124.0,124.0
690,128.0,122.0,124.0,124.0
691,126.0,123.0,124.0,124.0
692,127.0,123.0,125.0,124.0
693,129.0,123.0,125.0,124.0
694,129.0,123.0,125.0,124.0
695,126.0,123.0,125.0,125.0
696,125.0,123.0,125.0,125.0
697,126.0,122.0,125.0,125.0
698,126.0,122.0,126.0,125.0
699,126.0,121.0,127.0,125.0
700,126.0,121.0,127.0,126.0
701,127.0,121.0,127.0,126.0
702,127.0,121.0,127.0,126.0
703,127.0,124.0,127.0,127.0
704,128.0,124.0,127.0,127.0
705,130.0,125.0,128.0,127.0
706,129.0,125.0,128.0,127.0
707,130.0,126.0,128.0,128.0
708,130.0,126.0,128.0,128.0
709,129.0,127.0,128.0,128.0
710,132.0,127.0,129.0,128.0
711,135.0,128.0,129.0,129.0
712,136.0,128.0,130.0,129.0
713,134.0,127.0,130.0,129.0
714,137.0,127.0,131.0,130.0
715,137.0,127.0,131.0,130.0
716,136.0,127.0,131.0,130.0
717,136.0,127.0,131.0,130.0
718,135.0,127.0,131.0,130.0
719,137.0,127.0,131.0,131.0
720,137.0,127.0,131.0,131.0
721,138.0,127.0,131.0,131.0
722,141.0,127.0,132.0,131.0
723,142.0,127.0,133.0,132.0
724,142.0,127.0,133.0,132.0
725,141.0,127.0,133.0,132.0
726,141.0,127.0,134.0,133.0
727,141.0,129.0,134.0,133.0
728,140.0,129.0,134.0,133.0
729,140.0,131.0,135.0,134.0
730,140.0,131.0,135.0,134.0
731,139.0,132.0,135.0,134.0
732,139.0,132.0,135.0,135.0
733,138.0,134.0,136.0,135.0
734,138.0,134.0,136.0,135.0
735,137.0,133.0,136.0,135.0
736,133.0,133.0,136.0,135.0
737,133.0,134.0,137.0,135.0
738,133.0,134.0,136.0,135.0
739,133.0,135.0,135.0,135.0
740,133.0,135.0,135.0,135.0
741,136.0,137.0,135.0,135.0
742,136.0,137.0,135.0,135.0
743,138.0,136.0,135.0,135.0
744,138.0,136.0,135.0,135.0
745,137.0,134.0,135.0,135.0
746,137.0,134.0,135.0,134.0
747,137.0,134.0,135.0,134.0
748,137.0,134.0,135.0,134.0
749,137.0,134.0,135.0,134.0
750,136.0,134.0,135.0,134.0
751,136.0,136.0,135.0,134.0
752,136.0,136.0,134.0,134.0
753,135.0,136.0,134.0,134.0
754,135.0,136.0,134.0,134.0
755,135.0,134.0,135.0,135.0
756,135.0,134.0,135.0,135.0
757,135.0,134.0,136.0,135.0
758,135.0,134.0,136.0,135.0
759,135.0,134.0,137.0,135.0
760,135.0,134.0,137.0,135.0
761,135.0,134.0,136.0,135.0
762,135.0,134.0,136.0,135.0
763,136.0,135.0,136.0,136.0
764,137.0,135.0,135.0,135.0
765,138.0,134.0,135.0,135.0
766,138.0,134.0,135.0,135.0
767,139.0,134.0,135.0,135.0
768,138.0,134.0,135.0,135.0
769,138.0,138.0,135.0,135.0
770,138.0,138.0,135.0,135.0
771,138.0,136.0,135.0,135.0
772,138.0,136.0,136.0,135.0
773,139.0,135.0,136.0,135.0
774,142.0,135.0,137.0,135.0
775,143.0,135.0,137.0,135.0
776,143.0,135.0,137.0,136.0
777,143.0,135.0,137.0,136.0
778,143.0,135.0,137.0,136.0
779,140.0,135.0,137.0,136.0
780,138.0,135.0,137.0,136.0
781,138.0,137.0,137.0,136.0
782,138.0,137.0,137.0,137.0
783,138.0,138.0,137.0,137.0
784,137.0,138.0,138.0,137.0
785,137.0,142.0,138.0,137.0
786,138.0,142.0,138.0,137.0
787,138.0,145.0,138.0,137.0
788,139.0,145.0,138.0,137.0
789,139.0,138.0,138.0,137.0
790,139.0,138.0,138.0,137.0
791,139.0,137.0,137.0,137.0
792,139.0,137.0,138.0,137.0
793,139.0,137.0,138.0,137.0
794,139.0,137.0,138.0,137.0
795,139.0,136.0,138.0,137.0
796,138.0,136.0,138.0,137.0
797,139.0,136.0,138.0,137.0
798,139.0,136.0,138.0,138.0
799,138.0,137.0,138.0,138.0
800,139.0,137.0,138.0,138.0
801,140.0,137.0,139.0,138.0
802,141.0,137.0,138.0,138.0
803,140.0,137.0,139.0,138.0
804,140.0,137.0,138.0,138.0
805,141.0,136.0,138.0,138.0
806,141.0,136.0,139.0,138.0
807,141.0,136.0,139.0,139.0
808,141.0,136.0,139.0,139.0
809,141.0,137.0,139.0,139.0
810,141.0,137.0,140.0,139.0
811,141.0,142.0,140.0,139.0
812,140.0,142.0,140.0,139.0
813,140.0,142.0,140.0,139.0
814,139.0,142.0,140.0,140.0
815,138.0,142.0,140.0,140.0
816,138.0,142.0,140.0,140.0
817,137.0,142.0,140.0,140.0
818,137.0,142.0,140.0,140.0
819,137.0,142.0,140.0,140.0
820,136.0,142.0,140.0,140.0
821,136.0,142.0,141.0,140.0
822,136.0,142.0,141.0,140.0
823,136.0,139.0,142.0,140.0
824,135.0,139.0,142.0,140.0
825,133.0,139.0,142.0,140.0
826,134.0,139.0,143.0,140.0
827,133.0,139.0,143.0,140.0
828,133.0,139.0,143.0,139.0
829,134.0,141.0,142.0,139.0
830,134.0,141.0,140.0,139.0
831,133.0,142.0,139.0,139.0
832,132.0,142.0,139.0,139.0
833,132.0,142.0,138.0,138.0
834,133.0,142.0,136.0,137.0
835,132.0,139.0,136.0,136.0
836,131.0,139.0,135.0,135.0
837,131.0,137.0,134.0,134.0
838,131.0,137.0,134.0,133.0
839,129.0,137.0,133.0,133.0
840,127.0,137.0,131.0,132.0
841,126.0,135.0,130.0,131.0
842,126.0,135.0,129.0,130.0
843,126.0,133.0,129.0,129.0
844,125.0,133.0,129.0,129.0
845,125.0,135.0,129.0,130.0
846,124.0,135.0,130.0,130.0
847,124.0,137.0,131.0,130.0
848,118.0,137.0,132.0,130.0
849,115.0,136.0,132.0,130.0
850,115.0,136.0,132.0,130.0
851,114.0,134.0,132.0,130.0
852,113.0,134.0,131.0,130.0
853,111.0,133.0,130.0,129.0
854,109.0,133.0,128.0,128.0
855,108.0,133.0,126.0,127.0
856,108.0,133.0,124.0,126.0
857,110.0,131.0,123.0,124.0
858,109.0,131.0,121.0,123.0
859,109.0,127.0,120.0,122.0
860,109.0,127.0,120.0,121.0
861,109.0,123.0,119.0,120.0
862,109.0,123.0,119.0,118.0
863,109.0,120.0,118.0,117.0
864,109.0,120.0,117.0,116.0
865,109.0,118.0,116.0,116.0
866,109.0,118.0,115.0,115.0
867,109.0,118.0,114.0,115.0
868,109.0,118.0,114.0,114.0
869,109.0,115.0,114.0,114.0
870,109.0,115.0,114.0,113.0
871,110.0,108.0,115.0,113.0
872,110.0,108.0,114.0,112.0
873,110.0,105.0,113.0,112.0
874,110.0,105.0,111.0,111.0
875,110.0,105.0,110.0,111.0
876,110.0,105.0,109.0,111.0
877,111.0,101.0,109.0,110.0
878,113.0,101.0,109.0,110.0
879,113.0,100.0,110.0,110.0
880,115.0,100.0,111.0,110.0
881,115.0,106.0,111.0,109.0
882,115.0,106.0,111.0,109.0
883,115.0,110.0,110.0,109.0
884,115.0,110.0,109.0,109.0
885,116.0,110.0,108.0,109.0
886,119.0,110.0,107.0,108.0
887,121.0,110.0,107.0,108.0
888,121.0,110.0,107.0,108.0
889,121.0,109.0,107.0,108.0
890,121.0,109.0,108.0,108.0
891,121.0,109.0,109.0,108.0
892,121.0,109.0,110.0,108.0
893,120.0,107.0,110.0,108.0
894,120.0,107.0,111.0,109.0
895,120.0,110.0,111.0,109.0
896,120.0,110.0,112.0,110.0
897,120.0,109.0,112.0,111.0
898,119.0,109.0,112.0,111.0
899,120.0,111.0,113.0,112.0
900,120.0,111.0,113.0,112.0
901,120.0,113.0,114.0,113.0
902,120.0,113.0,115.0,113.0
903,120.0,113.0,115.0,114.0
904,119.0,113.0,115.0,115.0
905,119.0,114.0,115.0,115.0
906,119.0,114.0,116.0,115.0
907,118.0,113.0,116.0,116.0
908,119.0,113.0,116.0,116.0
909,118.0,115.0,116.0,117.0
910,118.0,115.0,117.0,117.0
911,117.0,114.0,118.0,117.0
912,116.0,114.0,119.0,118.0
913,115.0,113.0,121.0,118.0
914,114.0,113.0,121.0,118.0
915,114.0,112.0,121.0,119.0
916,114.0,112.0,121.0,119.0
917,114.0,111.0,121.0,119.0
918,114.0,111.0,120.0,119.0
919,116.0,110.0,120.0,119.0
920,119.0,110.0,120.0,119.0
921,124.0,111.0,120.0,119.0
922,126.0,111.0,120.0,119.0
923,127.0,114.0,120.0,120.0
924,127.0,114.0,120.0,120.0
925,127.0,118.0,121.0,120.0
926,127.0,118.0,121.0,120.0
927,127.0,120.0,121.0,121.0
928,127.0,120.0,121.0,121.0
929,127.0,121.0,121.0,121.0
930,127.0,121.0,121.0,121.0
931,127.0,121.0,122.0,121.0
932,127.0,121.0,122.0,122.0
933,127.0,120.0,123.0,122.0
934,127.0,120.0,124.0,123.0
935,127.0,120.0,124.0,123.0
936,127.0,120.0,125.0,123.0
937,127.0,121.0,125.0,124.0
938,128.0,121.0,125.0,124.0
939,128.0,121.0,125.0,125.0
940,131.0,121.0,126.0,125.0
941,132.0,121.0,126.0,125.0
942,131.0,121.0,127.0,126.0
943,130.0,119.0,127.0,127.0
944,129.0,119.0,127.0,127.0
945,128.0,119.0,127.0,127.0
946,128.0,119.0,128.0,128.0
947,129.0,115.0,128.0,128.0
948,128.0,115.0,129.0,128.0
949,128.0,115.0,129.0,129.0
950,129.0,115.0,130.0,129.0
951,129.0,122.0,130.0,129.0
952,129.0,122.0,131.0,130.0
953,128.0,123.0,131.0,130.0
954,128.0,123.0,132.0,130.0
955,129.0,120.0,132.0,130.0
956,130.0,120.0,131.0,130.0
957,130.0,118.0,131.0,129.0
958,130.0,118.0,130.0,129.0
959,131.0,118.0,130.0,129.0
960,131.0,118.0,129.0,129.0
961,131.0,118.0,129.0,129.0
962,131.0,118.0,129.0,129.0
963,131.0,117.0,129.0,129.0
964,131.0,117.0,129.0,129.0
965,131.0,113.0,129.0,129.0
966,131.0,113.0,130.0,129.0
967,130.0,111.0,130.0,129.0
968,131.0,111.0,130.0,129.0
969,131.0,107.0,130.0,129.0
970,131.0,107.0,130.0,129.0
971,131.0,109.0,130.0,129.0
972,132.0,109.0,130.0,130.0
973,133.0,109.0,130.0,130.0
974,133.0,109.0,130.0,130.0
975,134.0,109.0,131.0,130.0
976,135.0,109.0,131.0,130.0
977,136.0,109.0,131.0,130.0
978,136.0,109.0,131.0,130.0
979,136.0,109.0,131.0,131.0
980,135.0,109.0,131.0,131.0
981,134.0,108.0,131.0,131.0
982,134.0,108.0,132.0,131.0
983,133.0,108.0,132.0,131.0
984,133.0,108.0,132.0,132.0
985,134.0,108.0,132.0,132.0
986,135.0,108.0,133.0,132.0
987,134.0,108.0,133.0,132.0
988,134.0,108.0,134.0,132.0
989,133.0,108.0,134.0,133.0
990,133.0,108.0,134.0,133.0
991,132.0,108.0,134.0,133.0
992,132.0,108.0,134.0,133.0
993,133.0,108.0,134.0,133.0
994,133.0,108.0,133.0,133.0
995,133.0,107.0,133.0,133.0
996,133.0,107.0,133.0,133.0
997,133.0,107.0,133.0,133.0
998,133.0,107.0,133.0,133.0
999,133.0,107.0,133.0,133.0
1000,133.0,107.0,134.0,133.0
1001,132.0,107.0,134.0,133.0
1002,132.0,107.0,134.0,133.0
1003,132.0,107.0,134.0,133.0
1004,132.0,107.0,134.0,133.0
1005,131.0,107.0,134.0,133.0
1006,132.0,107.0,133.0,133.0
1007,132.0,80.0,133.0,133.0
1008,132.0,80.0,133.0,133.0
1009,132.0,26.0,134.0,133.0
1010,132.0,26.0,134.0,133.0
1011,132.0,74.0,134.0,133.0
1012,132.0,74.0,134.0,133.0
1013,133.0,52.0,134.0,133.0
1014,133.0,52.0,133.0,133.0
1015,133.0,93.0,133.0,133.0
1016,135.0,93.0,133.0,133.0
1017,136.0,77.0,133.0,133.0
1018,136.0,77.0,133.0,133.0
1019,135.0,75.0,133.0,133.0
1020,134.0,75.0,133.0,133.0
1021,134.0,75.0,133.0,133.0
1022,133.0,75.0,133.0,132.0
1023,133.0,75.0,133.0,133.0
1024,133.0,75.0,133.0,133.0
1025,133.0,75.0,133.0,133.0
1026,133.0,75.0,133.0,133.0
1027,133.0,75.0,134.0,133.0
1028,134.0,75.0,134.0,133.0
1029,135.0,74.0,134.0,133.0
1030,135.0,74.0,135.0,134.0
1031,135.0,74.0,135.0,134.0
1032,135.0,74.0,135.0,134.0
1033,136.0,75.0,135.0,134.0
1034,136.0,75.0,135.0,134.0
1035,136.0,75.0,134.0,134.0
1036,135.0,75.0,134.0,134.0
1037,136.0,74.0,134.0,134.0
1038,136.0,74.0,134.0,134.0
1039,135.0,74.0,134.0,134.0
1040,135.0,74.0,134.0,134.0
1041,136.0,75.0,134.0,134.0
1042,136.0,75.0,134.0,134.0
1043,136.0,71.0,135.0,134.0
1044,135.0,71.0,135.0,134.0
1045,135.0,67.0,135.0,134.0
1046,134.0,67.0,135.0,135.0
1047,133.0,69.0,136.0,135.0
1048,133.0,69.0,136.0,135.0
1049,133.0,69.0,136.0,135.0
1050,132.0,69.0,136.0,135.0
1051,133.0,69.0,136.0,135.0
1052,133.0,69.0,136.0,135.0
1053,133.0,68.0,136.0,135.0
1054,133.0,68.0,136.0,135.0
1055,133.0,68.0,136.0,135.0
1056,133.0,68.0,136.0,135.0
1057,133.0,68.0,136.0,135.0
1058,132.0,68.0,135.0,134.0
1059,132.0,70.0,134.0,134.0
1060,131.0,70.0,134.0,134.0
1061,131.0,71.0,134.0,134.0
1062,131.0,71.0,133.0,134.0
1063,131.0,69.0,134.0,133.0
1064,131.0,69.0,134.0,133.0
1065,132.0,69.0,134.0,132.0
1066,132.0,69.0,134.0,132.0
1067,132.0,65.0,134.0,132.0
1068,132.0,65.0,133.0,131.0
1069,131.0,62.0,132.0,131.0
1070,131.0,62.0,131.0,130.0
1071,130.0,63.0,130.0,130.0
1072,130.0,63.0,129.0,130.0
1073,130.0,62.0,128.0,129.0
1074,129.0,62.0,127.0,128.0
1075,129.0,89.0,126.0,127.0
1076,129.0,89.0,125.0,127.0
1077,129.0,80.0,124.0,126.0
1078,129.0,80.0,123.0,126.0
1079,129.0,78.0,123.0,125.0
1080,129.0,78.0,123.0,124.0
1081,129.0,79.0,124.0,124.0
1082,129.0,79.0,124.0,123.0
1083,129.0,80.0,124.0,123.0
1084,129.0,80.0,125.0,123.0
1085,128.0,79.0,125.0,123.0
1086,128.0,79.0,125.0,123.0
1087,127.0,78.0,125.0,123.0
1088,127.0,78.0,126.0,123.0
1089,127.0,78.0,126.0,123.0
1090,126.0,78.0,125.0,123.0
1091,126.0,78.0,124.0,123.0
1092,122.0,78.0,123.0,123.0
1093,119.0,78.0,121.0,123.0
1094,118.0,78.0,121.0,122.0
1095,117.0,78.0,121.0,122.0
1096,114.0,78.0,121.0,122.0
1097,112.0,77.0,121.0,121.0
1098,110.0,77.0,121.0,121.0
1099,109.0,76.0,121.0,121.0
1100,110.0,76.0,121.0,121.0
1101,110.0,76.0,121.0,120.0
1102,111.0,76.0,121.0,120.0
1103,112.0,74.0,121.0,119.0
1104,113.0,74.0,120.0,119.0
1105,114.0,70.0,119.0,118.0
1106,114.0,70.0,119.0,118.0
1107,114.0,68.0,119.0,117.0
1108,114.0,68.0,118.0,117.0
1109,114.0,67.0,117.0,116.0
1110,114.0,67.0,116.0,116.0
1111,113.0,66.0,115.0,115.0
1112,112.0,66.0,114.0,114.0
1113,110.0,56.0,113.0,114.0
1114,111.0,56.0,113.0,114.0
1115,110.0,57.0,113.0,114.0
1116,107.0,57.0,113.0,114.0
1117,107.0,55.0,113.0,114.0
1118,108.0,55.0,114.0,114.0
1119,109.0,53.0,115.0,114.0
1120,111.0,53.0,115.0,114.0
1121,113.0,68.0,115.0,114.0
1122,116.0,68.0,115.0,114.0
1123,118.0,100.0,115.0,115.0
1124,121.0,100.0,115.0,115.0
1125,120.0,110.0,116.0,116.0
1126,121.0,110.0,116.0,117.0
1127,122.0,114.0,118.0,117.0
1128,122.0,114.0,119.0,118.0
1129,124.0,115.0,120.0,119.0
1130,125.0,115.0,121.0,119.0
1131,127.0,117.0,121.0,120.0
1132,128.0,117.0,122.0,120.0
1133,129.0,119.0,122.0,122.0
1134,133.0,119.0,123.0,122.0
1135,132.0,121.0,123.0,122.0
1136,130.0,121.0,123.0,123.0
1137,130.0,123.0,124.0,123.0
1138,133.0,123.0,124.0,124.0
1139,133.0,123.0,125.0,124.0
1140,132.0,123.0,126.0,125.0
1141,132.0,125.0,127.0,125.0
1142,132.0,125.0,127.0,126.0
1143,132.0,126.0,128.0,127.0
1144,132.0,126.0,128.0,127.0
1145,132.0,127.0,129.0,128.0
1146,133.0,127.0,129.0,128.0
1147,133.0,128.0,130.0,128.0
1148,133.0,128.0,130.0,129.0
1149,133.0,127.0,130.0,129.0
1150,133.0,127.0,130.0,130.0
1151,133.0,127.0,131.0,130.0
1152,134.0,127.0,132.0,131.0
1153,135.0,129.0,132.0,132.0
1154,135.0,129.0,132.0,132.0
1155,136.0,130.0,133.0,133.0
1156,136.0,130.0,135.0,134.0
1157,136.0,132.0,135.0,135.0
1158,137.0,132.0,136.0,135.0
1159,137.0,134.0,137.0,136.0
1160,137.0,134.0,137.0,137.0
1161,138.0,136.0,138.0,138.0
1162,138.0,136.0,141.0,139.0
1163,139.0,138.0,142.0,140.0
1164,139.0,138.0,143.0,141.0
1165,139.0,140.0,144.0,142.0
1166,136.0,140.0,145.0,142.0
1167,135.0,138.0,145.0,143.0
1168,135.0,138.0,146.0,144.0
1169,139.0,142.0,147.0,145.0
1170,143.0,142.0,148.0,146.0
1171,144.0,142.0,148.0,146.0
1172,144.0,143.0,149.0,147.0
1173,145.0,143.0,149.0,148.0
1174,146.0,146.0,150.0,148.0
1175,146.0,146.0,150.0,149.0
1176,147.0,147.0,150.0,149.0
1177,147.0,147.0,151.0,149.0
1178,149.0,148.0,151.0,150.0
1179,147.0,148.0,151.0,150.0
1180,147.0,150.0,151.0,150.0
1181,147.0,150.0,151.0,150.0
1182,147.0,150.0,151.0,151.0
1183,149.0,150.0,151.0,151.0
1184,152.0,150.0,152.0,151.0
1185,154.0,150.0,152.0,151.0
1186,156.0,150.0,152.0,152.0
1187,156.0,150.0,152.0,152.0
1188,157.0,150.0,153.0,152.0
1189,157.0,150.0,153.0,152.0
1190,156.0,151.0,153.0,153.0
1191,156.0,151.0,154.0,153.0
1192,156.0,151.0,154.0,153.0
1193,156.0,151.0,154.0,153.0
1194,156.0,151.0,154.0,154.0
1195,157.0,151.0,155.0,154.0
1196,158.0,150.0,155.0,154.0
1197,159.0,150.0,155.0,154.0
1198,159.0,152.0,156.0,154.0
1199,159.0,152.0,156.0,155.0
1200,161.0,151.0,156.0,155.0
1201,161.0,151.0,156.0,155.0
1202,160.0,153.0,156.0,155.0
1203,160.0,153.0,156.0,156.0
1204,160.0,152.0,156.0,156.0
1205,160.0,152.0,156.0,156.0
1206,160.0,155.0,157.0,156.0
1207,160.0,155.0,157.0,157.0
1208,160.0,156.0,157.0,157.0
1209,161.0,156.0,158.0,157.0
1210,161.0,156.0,158.0,157.0
1211,161.0,156.0,158.0,157.0
1212,161.0,157.0,159.0,158.0
1213,162.0,157.0,158.0,158.0
1214,162.0,157.0,159.0,158.0
1215,162.0,157.0,159.0,158.0
1216,162.0,157.0,159.0,158.0
1217,162.0,157.0,159.0,159.0
1218,162.0,158.0,159.0,159.0
1219,162.0,158.0,159.0,159.0
1220,162.0,159.0,159.0,159.0
1221,162.0,159.0,159.0,159.0
1222,162.0,159.0,160.0,160.0
1223,162.0,159.0,160.0,160.0
1224,160.0,160.0,160.0,160.0
1225,157.0,160.0,160.0,160.0
1226,157.0,160.0,161.0,160.0
1227,161.0,160.0,161.0,160.0
1228,163.0,161.0,161.0,161.0
1229,164.0,161.0,161.0,161.0
1230,163.0,161.0,161.0,161.0
1231,162.0,161.0,161.0,161.0
1232,161.0,161.0,161.0,161.0
1233,160.0,161.0,162.0,161.0
1234,160.0,161.0,162.0,161.0
1235,160.0,161.0,162.0,161.0
1236,160.0,162.0,162.0,161.0
1237,161.0,162.0,162.0,161.0
1238,161.0,162.0,162.0,161.0
1239,162.0,162.0,162.0,161.0
1240,162.0,161.0,161.0,161.0
1241,162.0,161.0,162.0,161.0
1242,162.0,161.0,161.0,161.0
1243,162.0,161.0,161.0,161.0
1244,162.0,161.0,161.0,161.0
1245,163.0,161.0,161.0,161.0
1246,162.0,159.0,161.0,161.0
1247,162.0,159.0,161.0,161.0
1248,163.0,160.0,161.0,161.0
1249,163.0,160.0,161.0,161.0
1250,163.0,160.0,161.0,161.0
1251,163.0,160.0,161.0,161.0
1252,163.0,159.0,162.0,161.0
1253,163.0,159.0,162.0,161.0
1254,163.0,160.0,162.0,161.0
1255,163.0,160.0,162.0,161.0
1256,163.0,161.0,162.0,161.0
1257,163.0,161.0,162.0,161.0
1258,163.0,162.0,162.0,161.0
1259,163.0,162.0,162.0,162.0
1260,163.0,162.0,162.0,162.0
1261,165.0,162.0,162.0,162.0
1262,165.0,162.0,162.0,162.0
1263,165.0,162.0,162.0,162.0
1264,165.0,162.0,162.0,162.0
1265,164.0,162.0,163.0,162.0
1266,164.0,162.0,163.0,163.0
1267,164.0,162.0,163.0,163.0
1268,164.0,162.0,163.0,163.0
1269,164.0,162.0,163.0,163.0
1270,163.0,162.0,164.0,163.0
1271,163.0,162.0,164.0,163.0
1272,163.0,162.0,164.0,163.0
1273,163.0,162.0,164.0,164.0
1274,163.0,162.0,164.0,164.0
1275,164.0,162.0,164.0,164.0
1276,164.0,163.0,164.0,164.0
1277,165.0,163.0,164.0,164.0
1278,165.0,163.0,164.0,164.0
1279,164.0,163.0,164.0,164.0
1280,164.0,163.0,164.0,164.0
1281,164.0,163.0,164.0,164.0
1282,164.0,163.0,164.0,163.0
1283,165.0,163.0,164.0,164.0
1284,165.0,164.0,164.0,164.0
1285,166.0,164.0,164.0,164.0
1286,167.0,163.0,164.0,164.0
1287,167.0,163.0,165.0,164.0
1288,168.0,163.0,165.0,164.0
1289,168.0,163.0,165.0,164.0
1290,169.0,164.0,164.0,164.0
1291,169.0,164.0,164.0,164.0
1292,168.0,165.0,164.0,164.0
1293,168.0,165.0,164.0,164.0
1294,168.0,165.0,164.0,164.0
1295,168.0,165.0,164.0,165.0
1296,167.0,164.0,165.0,165.0
1297,167.0,164.0,165.0,165.0
1298,166.0,164.0,165.0,165.0
1299,165.0,164.0,165.0,166.0
1300,165.0,164.0,166.0,166.0
1301,164.0,164.0,166.0,166.0
1302,164.0,164.0,167.0,166.0
1303,163.0,164.0,167.0,166.0
1304,163.0,164.0,167.0,166.0
1305,162.0,164.0,168.0,166.0
1306,161.0,165.0,168.0,166.0
1307,161.0,165.0,168.0,166.0
1308,160.0,166.0,168.0,166.0
1309,159.0,166.0,168.0,166.0
1310,159.0,168.0,167.0,166.0
1311,159.0,168.0,167.0,166.0
1312,159.0,168.0,166.0,166.0
1313,158.0,168.0,165.0,164.0
1314,158.0,165.0,163.0,163.0
1315,157.0,165.0,161.0,162.0
1316,156.0,161.0,160.0,161.0
1317,156.0,161.0,158.0,160.0
1318,155.0,161.0,158.0,159.0
1319,154.0,161.0,156.0,158.0
1320,154.0,159.0,155.0,156.0
1321,153.0,159.0,154.0,155.0
1322,153.0,157.0,153.0,154.0
1323,153.0,157.0,152.0,152.0
1324,153.0,154.0,152.0,151.0
1325,153.0,154.0,150.0,151.0
1326,153.0,153.0,150.0,150.0
1327,153.0,153.0,149.0,149.0
1328,153.0,152.0,148.0,148.0
1329,153.0,152.0,147.0,148.0
1330,152.0,148.0,146.0,147.0
1331,152.0,148.0,146.0,146.0
1332,152.0,147.0,144.0,145.0
1333,152.0,147.0,143.0,144.0
1334,152.0,145.0,142.0,143.0
1335,152.0,145.0,142.0,143.0
1336,151.0,143.0,141.0,142.0
1337,151.0,143.0,141.0,142.0
1338,151.0,141.0,141.0,141.0
1339,151.0,141.0,140.0,140.0
1340,151.0,141.0,140.0,140.0
1341,151.0,141.0,139.0,139.0
1342,152.0,140.0,139.0,139.0
1343,152.0,140.0,138.0,138.0
1344,152.0,138.0,138.0,138.0
1345,152.0,138.0,137.0,137.0
1346,152.0,136.0,136.0,137.0
1347,152.0,136.0,136.0,137.0
1348,152.0,136.0,137.0,136.0
1349,152.0,136.0,137.0,136.0
1350,154.0,135.0,138.0,136.0
1351,154.0,135.0,138.0,135.0
1352,154.0,135.0,137.0,135.0
1353,154.0,135.0,134.0,134.0
1354,152.0,135.0,132.0,133.0
1355,149.0,135.0,129.0,132.0
1356,147.0,135.0,127.0,130.0
1357,145.0,135.0,126.0,129.0
1358,142.0,131.0,126.0,128.0
1359,141.0,131.0,126.0,127.0
1360,141.0,125.0,125.0,126.0
1361,140.0,125.0,125.0,125.0
1362,140.0,124.0,125.0,124.0
1363,140.0,124.0,124.0,123.0
1364,141.0,124.0,124.0,122.0
1365,141.0,124.0,123.0,122.0
1366,141.0,124.0,122.0,122.0
1367,140.0,124.0,121.0,121.0
1368,140.0,122.0,121.0,121.0
1369,140.0,122.0,121.0,121.0
1370,141.0,122.0,121.0,120.0
1371,141.0,122.0,122.0,120.0
1372,142.0,122.0,121.0,120.0
1373,144.0,122.0,120.0,118.0
1374,145.0,122.0,119.0,117.0
1375,146.0,122.0,117.0,116.0
1376,146.0,120.0,115.0,115.0
1377,147.0,120.0,114.0,114.0
1378,147.0,116.0,113.0,113.0
1379,147.0,116.0,112.0,113.0
1380,147.0,112.0,111.0,112.0
1381,147.0,112.0,110.0,111.0
1382,147.0,110.0,110.0,110.0
1383,147.0,110.0,110.0,109.0
1384,147.0,108.0,110.0,109.0
1385,147.0,108.0,109.0,109.0
1386,146.0,108.0,109.0,109.0
1387,146.0,108.0,108.0,109.0
1388,146.0,108.0,108.0,109.0
1389,146.0,108.0,108.0,109.0
1390,144.0,108.0,108.0,109.0
1391,143.0,108.0,109.0,109.0
1392,142.0,108.0,110.0,109.0
1393,139.0,108.0,110.0,109.0
1394,137.0,108.0,111.0,109.0
1395,131.0,108.0,111.0,109.0
1396,127.0,109.0,110.0,109.0
1397,128.0,109.0,110.0,109.0
1398,123.0,109.0,110.0,109.0
1399,120.0,109.0,109.0,109.0
1400,117.0,109.0,109.0,109.0
1401,115.0,109.0,109.0,109.0
1402,115.0,108.0,109.0,109.0
1403,116.0,108.0,110.0,110.0
1404,116.0,108.0,111.0,110.0
1405,115.0,108.0,111.0,110.0
1406,115.0,109.0,112.0,111.0
1407,116.0,109.0,112.0,111.0
1408,116.0,111.0,112.0,112.0
1409,114.0,111.0,113.0,112.0
1410,113.0,112.0,114.0,112.0
1411,112.0,112.0,114.0,113.0
1412,111.0,112.0,115.0,113.0
1413,110.0,112.0,114.0,113.0
1414,111.0,113.0,113.0,113.0
1415,111.0,113.0,113.0,113.0
1416,112.0,112.0,113.0,113.0
1417,113.0,112.0,114.0,113.0
1418,112.0,111.0,114.0,113.0
1419,113.0,111.0,113.0,113.0
1420,114.0,112.0,113.0,113.0
1421,113.0,112.0,112.0,113.0
1422,115.0,111.0,113.0,113.0
1423,116.0,111.0,113.0,113.0
1424,116.0,113.0,114.0,113.0
1425,118.0,113.0,115.0,113.0
1426,119.0,114.0,114.0,113.0
1427,120.0,114.0,114.0,113.0
1428,121.0,115.0,114.0,113.0
1429,120.0,115.0,114.0,114.0
1430,120.0,116.0,113.0,114.0
1431,119.0,116.0,114.0,114.0
1432,119.0,114.0,114.0,114.0
1433,119.0,114.0,115.0,114.0
1434,118.0,114.0,116.0,115.0
1435,119.0,114.0,117.0,115.0
1436,119.0,116.0,117.0,115.0
1437,119.0,116.0,118.0,116.0
1438,120.0,116.0,118.0,116.0
1439,120.0,116.0,118.0,116.0
1440,120.0,117.0,118.0,117.0
1441,121.0,117.0,118.0,117.0
1442,120.0,117.0,118.0,117.0
1443,122.0,117.0,117.0,118.0
1444,122.0,117.0,117.0,118.0
1445,122.0,117.0,117.0,118.0
1446,122.0,116.0,117.0,118.0
1447,122.0,116.0,117.0,118.0
1448,122.0,116.0,118.0,118.0
1449,122.0,116.0,119.0,118.0
1450,122.0,116.0,119.0,119.0
1451,122.0,116.0,119.0,119.0
1452,122.0,116.0,119.0,119.0
1453,122.0,116.0,120.0,119.0
1454,122.0,115.0,120.0,119.0
1455,122.0,115.0,121.0,120.0
1456,122.0,116.0,121.0,120.0
1457,122.0,116.0,121.0,120.0
1458,122.0,120.0,121.0,120.0
1459,123.0,120.0,121.0,121.0
1460,123.0,120.0,121.0,121.0
1461,123.0,120.0,122.0,121.0
1462,123.0,120.0,122.0,121.0
1463,123.0,120.0,122.0,122.0
1464,123.0,120.0,122.0,122.0
1465,123.0,120.0,122.0,122.0
1466,123.0,120.0,123.0,122.0
1467,123.0,120.0,122.0,122.0
1468,123.0,122.0,123.0,122.0
1469,123.0,122.0,123.0,123.0
1470,123.0,122.0,123.0,123.0
1471,123.0,122.0,123.0,123.0
1472,123.0,121.0,124.0,123.0
1473,123.0,121.0,125.0,123.0
1474,123.0,125.0,125.0,123.0
1475,123.0,125.0,125.0,123.0
1476,124.0,125.0,124.0,123.0
1477,124.0,125.0,124.0,123.0
1478,124.0,124.0,124.0,123.0
1479,124.0,124.0,123.0,123.0
1480,124.0,125.0,123.0,123.0
1481,124.0,125.0,123.0,122.0
1482,124.0,124.0,123.0,122.0
1483,124.0,124.0,122.0,122.0
1484,124.0,124.0,122.0,122.0
1485,124.0,124.0,122.0,122.0
1486,124.0,124.0,121.0,122.0
1487,124.0,124.0,121.0,121.0
1488,124.0,120.0,121.0,121.0
1489,125.0,120.0,121.0,121.0
1490,125.0,116.0,121.0,121.0
1491,125.0,116.0,121.0,121.0
1492,125.0,117.0,121.0,121.0
1493,125.0,117.0,121.0,121.0
1494,125.0,117.0,122.0,121.0
1495,125.0,117.0,122.0,122.0
1496,125.0,116.0,122.0,122.0
1497,125.0,116.0,123.0,122.0
1498,125.0,119.0,124.0,123.0
1499,125.0,119.0,124.0,123.0
1500,125.0,122.0,124.0,124.0
1501,125.0,122.0,125.0,124.0
1502,126.0,123.0,125.0,124.0
1503,126.0,123.0,126.0,125.0
1504,126.0,125.0,126.0,124.0
1505,126.0,125.0,126.0,124.0
1506,126.0,127.0,126.0,124.0
1507,126.0,127.0,126.0,124.0
1508,125.0,127.0,125.0,124.0
1509,125.0,127.0,124.0,124.0
1510,125.0,126.0,124.0,124.0
1511,125.0,126.0,124.0,124.0
1512,125.0,124.0,123.0,123.0
1513,124.0,124.0,123.0,123.0
1514,124.0,123.0,123.0,123.0
1515,124.0,123.0,123.0,123.0
1516,124.0,122.0,123.0,123.0
1517,124.0,122.0,123.0,123.0
1518,124.0,122.0,123.0,122.0
1519,124.0,122.0,122.0,122.0
1520,124.0,122.0,122.0,122.0
1521,124.0,122.0,122.0,122.0
1522,123.0,123.0,122.0,122.0
1523,123.0,123.0,122.0,122.0
1524,123.0,122.0,122.0,122.0
1525,123.0,122.0,122.0,122.0
1526,123.0,121.0,122.0,122.0
1527,122.0,121.0,122.0,122.0
1528,121.0,121.0,122.0,122.0
1529,121.0,121.0,123.0,122.0
1530,120.0,120.0,123.0,122.0
1531,120.0,120.0,123.0,122.0
1532,119.0,121.0,122.0,122.0
1533,119.0,121.0,122.0,122.0
1534,119.0,122.0,122.0,122.0
1535,119.0,122.0,122.0,122.0
1536,119.0,122.0,122.0,122.0
1537,120.0,122.0,122.0,122.0
1538,120.0,123.0,122.0,122.0
1539,120.0,123.0,122.0,122.0
1540,120.0,123.0,122.0,122.0
1541,120.0,123.0,122.0,122.0
1542,120.0,121.0,122.0,122.0
1543,120.0,121.0,123.0,122.0
1544,119.0,121.0,123.0,122.0
1545,119.0,121.0,123.0,122.0
1546,120.0,121.0,122.0,121.0
1547,120.0,121.0,122.0,121.0
1548,120.0,122.0,122.0,121.0
1549,121.0,122.0,122.0,121.0
1550,121.0,122.0,122.0,121.0
1551,121.0,122.0,121.0,121.0
1552,121.0,122.0,121.0,121.0
1553,121.0,122.0,121.0,121.0
1554,121.0,120.0,121.0,121.0
1555,121.0,120.0,121.0,121.0
1556,122.0,121.0,121.0,121.0
1557,121.0,121.0,120.0,121.0
1558,120.0,121.0,120.0,120.0
1559,121.0,121.0,120.0,120.0
1560,121.0,119.0,120.0,120.0
1561,121.0,119.0,121.0,120.0
1562,118.0,118.0,121.0,120.0
1563,119.0,118.0,121.0,120.0
1564,120.0,118.0,121.0,120.0
1565,120.0,118.0,121.0,120.0
1566,120.0,120.0,121.0,120.0
1567,121.0,120.0,122.0,120.0
1568,121.0,121.0,122.0,120.0
1569,122.0,121.0,122.0,120.0
1570,123.0,121.0,121.0,120.0
1571,123.0,121.0,121.0,120.0
1572,124.0,122.0,120.0,120.0
1573,124.0,122.0,119.0,120.0
1574,125.0,121.0,119.0,120.0
1575,125.0,121.0,119.0,120.0
1576,125.0,119.0,119.0,121.0
1577,125.0,119.0,119.0,121.0
1578,125.0,112.0,120.0,121.0
1579,125.0,112.0,121.0,121.0
1580,125.0,115.0,122.0,121.0
1581,125.0,115.0,122.0,121.0
1582,125.0,113.0,123.0,122.0
1583,125.0,113.0,124.0,121.0
1584,125.0,113.0,124.0,120.0
1585,125.0,113.0,124.0,120.0
1586,125.0,112.0,124.0,119.0
1587,125.0,112.0,123.0,118.0
1588,125.0,111.0,123.0,117.0
1589,125.0,111.0,123.0,117.0
1590,125.0,110.0,120.0,116.0
1591,125.0,110.0,118.0,115.0
1592,125.0,109.0,117.0,114.0
1593,124.0,109.0,118.0,114.0
1594,124.0,109.0,118.0,114.0
1595,124.0,109.0,117.0,115.0
1596,124.0,112.0,117.0,115.0
1597,124.0,112.0,117.0,115.0
1598,124.0,117.0,117.0,116.0
1599,124.0,117.0,117.0,116.0
1600,124.0,119.0,118.0,116.0
1601,124.0,119.0,118.0,117.0
1602,124.0,118.0,118.0,117.0
1603,123.0,118.0,118.0,118.0
1604,123.0,120.0,119.0,118.0
1605,123.0,120.0,120.0,118.0
1606,124.0,120.0,120.0,119.0
1607,124.0,120.0,120.0,119.0
1608,125.0,122.0,120.0,119.0
1609,125.0,122.0,120.0,119.0
1610,125.0,122.0,121.0,119.0
1611,125.0,122.0,121.0,120.0
1612,125.0,121.0,121.0,120.0
1613,124.0,121.0,121.0,119.0
1614,124.0,121.0,120.0,118.0
1615,123.0,121.0,119.0,117.0
1616,123.0,122.0,118.0,116.0
1617,123.0,122.0,117.0,116.0
1618,122.0,119.0,117.0,115.0
1619,122.0,119.0,116.0,114.0
1620,121.0,118.0,116.0,113.0
1621,121.0,118.0,115.0,112.0
1622,121.0,118.0,115.0,111.0
1623,121.0,118.0,115.0,109.0
1624,120.0,117.0,113.0,108.0
1625,120.0,117.0,110.0,107.0
1626,120.0,115.0,108.0,106.0
1627,119.0,115.0,106.0,105.0
1628,119.0,115.0,102.0,104.0
1629,118.0,115.0,101.0,104.0
1630,117.0,114.0,101.0,103.0
1631,116.0,114.0,102.0,102.0
1632,115.0,113.0,104.0,101.0
1633,114.0,113.0,107.0,103.0
1634,114.0,112.0,110.0,106.0
1635,115.0,112.0,113.0,108.0
1636,118.0,112.0,117.0,111.0
1637,120.0,112.0,120.0,114.0
1638,121.0,111.0,123.0,117.0
1639,123.0,111.0,126.0,120.0
1640,125.0,105.0,130.0,123.0
1641,126.0,105.0,132.0,126.0
1642,126.0,107.0,133.0,129.0
1643,128.0,107.0,135.0,133.0
1644,129.0,106.0,136.0,133.0
1645,131.0,106.0,137.0,134.0
1646,133.0,105.0,138.0,135.0
1647,134.0,105.0,139.0,136.0
1648,135.0,105.0,139.0,136.0
1649,136.0,105.0,140.0,137.0
1650,136.0,104.0,140.0,138.0
1651,137.0,104.0,140.0,139.0
1652,134.0,104.0,140.0,139.0
1653,134.0,104.0,141.0,140.0
1654,134.0,103.0,141.0,140.0
1655,135.0,103.0,141.0,141.0
1656,135.0,103.0,141.0,141.0
1657,136.0,103.0,142.0,141.0
1658,136.0,103.0,143.0,141.0
1659,137.0,103.0,143.0,141.0
1660,137.0,103.0,143.0,141.0
1661,138.0,103.0,143.0,141.0
1662,138.0,77.0,142.0,141.0
1663,138.0,77.0,141.0,141.0
1664,138.0,47.0,140.0,140.0
1665,138.0,47.0,139.0,140.0
1666,138.0,66.0,138.0,139.0
1667,138.0,66.0,137.0,138.0
1668,137.0,79.0,136.0,138.0
1669,137.0,79.0,136.0,137.0
1670,137.0,107.0,135.0,136.0
1671,137.0,107.0,135.0,136.0
1672,137.0,100.0,134.0,135.0
1673,137.0,100.0,134.0,134.0
1674,137.0,96.0,134.0,134.0
1675,137.0,96.0,134.0,134.0
1676,137.0,99.0,134.0,134.0
1677,137.0,99.0,134.0,134.0
1678,137.0,116.0,134.0,134.0
1679,137.0,116.0,134.0,134.0
1680,138.0,124.0,134.0,134.0
1681,139.0,124.0,135.0,134.0
1682,139.0,129.0,135.0,134.0
1683,140.0,129.0,135.0,134.0
1684,142.0,132.0,135.0,135.0
1685,143.0,132.0,136.0,135.0
1686,143.0,133.0,136.0,135.0
1687,143.0,133.0,137.0,136.0
1688,144.0,134.0,137.0,136.0
1689,145.0,134.0,137.0,136.0
1690,146.0,136.0,138.0,137.0
1691,147.0,136.0,138.0,137.0
1692,148.0,135.0,138.0,137.0
1693,148.0,135.0,139.0,138.0
1694,150.0,134.0,139.0,139.0
1695,150.0,134.0,140.0,139.0
1696,150.0,135.0,140.0,140.0
1697,150.0,135.0,141.0,140.0
1698,150.0,138.0,141.0,141.0
1699,150.0,138.0,142.0,141.0
1700,151.0,141.0,142.0,142.0
1701,152.0,141.0,143.0,142.0
1702,152.0,141.0,144.0,142.0
1703,152.0,141.0,145.0,143.0
1704,152.0,142.0,145.0,144.0
1705,152.0,142.0,146.0,145.0
1706,152.0,144.0,146.0,145.0
1707,153.0,144.0,147.0,146.0
1708,153.0,146.0,147.0,146.0
1709,155.0,146.0,148.0,147.0
1710,157.0,147.0,148.0,147.0
1711,156.0,147.0,149.0,148.0
1712,156.0,149.0,149.0,148.0
1713,157.0,149.0,150.0,149.0
1714,158.0,149.0,151.0,150.0
1715,157.0,149.0,152.0,150.0
1716,157.0,148.0,152.0,151.0
1717,157.0,148.0,153.0,151.0
1718,157.0,147.0,153.0,152.0
1719,158.0,147.0,154.0,152.0
1720,158.0,147.0,154.0,153.0
1721,157.0,147.0,155.0,153.0
1722,158.0,147.0,155.0,154.0
1723,158.0,147.0,156.0,155.0
1724,157.0,147.0,156.0,155.0
1725,156.0,147.0,157.0,155.0
1726,157.0,141.0,156.0,155.0
1727,158.0,141.0,157.0,156.0
1728,157.0,134.0,157.0,156.0
1729,158.0,134.0,158.0,156.0
1730,161.0,136.0,157.0,156.0
1731,163.0,136.0,158.0,157.0
1732,161.0,133.0,157.0,157.0
1733,163.0,133.0,158.0,157.0
1734,163.0,126.0,158.0,157.0
1735,162.0,126.0,157.0,157.0
1736,161.0,121.0,158.0,157.0
1737,161.0,121.0,158.0,158.0
1738,161.0,126.0,158.0,158.0
1739,162.0,126.0,158.0,158.0
1740,162.0,129.0,158.0,158.0
1741,162.0,129.0,159.0,158.0
1742,162.0,127.0,159.0,158.0
1743,161.0,127.0,159.0,158.0
1744,161.0,125.0,159.0,158.0
1745,161.0,125.0,160.0,158.0
1746,161.0,141.0,160.0,158.0
1747,160.0,141.0,160.0,159.0
1748,160.0,136.0,160.0,159.0
1749,160.0,136.0,160.0,159.0
1750,160.0,134.0,160.0,159.0
1751,159.0,134.0,160.0,159.0
1752,159.0,129.0,159.0,159.0
1753,158.0,129.0,158.0,158.0
1754,157.0,132.0,156.0,156.0
1755,156.0,132.0,155.0,155.0
1756,155.0,131.0,154.0,154.0
1757,154.0,131.0,153.0,153.0
1758,153.0,131.0,152.0,152.0
1759,152.0,131.0,150.0,151.0
1760,150.0,131.0,148.0,149.0
1761,149.0,131.0,147.0,148.0
1762,148.0,130.0,145.0,147.0
1763,147.0,130.0,144.0,145.0
1764,143.0,140.0,143.0,144.0
1765,138.0,140.0,141.0,142.0
1766,133.0,141.0,139.0,141.0
1767,131.0,141.0,138.0,140.0
1768,132.0,139.0,137.0,139.0
1769,133.0,139.0,136.0,138.0
1770,134.0,136.0,135.0,137.0
1771,136.0,136.0,134.0,136.0
1772,136.0,134.0,134.0,135.0
1773,136.0,134.0,134.0,133.0
1774,136.0,134.0,134.0,133.0
1775,135.0,134.0,134.0,133.0
1776,135.0,134.0,134.0,133.0
1777,135.0,134.0,134.0,133.0
1778,135.0,134.0,134.0,133.0
1779,134.0,134.0,134.0,133.0
1780,134.0,133.0,134.0,133.0
1781,134.0,133.0,133.0,133.0
1782,133.0,132.0,133.0,132.0
1783,133.0,132.0,132.0,132.0
1784,133.0,131.0,131.0,132.0
1785,132.0,131.0,130.0,131.0
1786,132.0,131.0,130.0,131.0
1787,131.0,131.0,129.0,131.0
1788,131.0,130.0,129.0,130.0
1789,131.0,130.0,129.0,130.0
1790,131.0,128.0,129.0,130.0
1791,131.0,128.0,129.0,129.0
1792,130.0,127.0,130.0,129.0
1793,130.0,127.0,130.0,128.0
1794,129.0,126.0,130.0,128.0
1795,129.0,126.0,130.0,127.0
1796,128.0,125.0,129.0,127.0
1797,128.0,125.0,128.0,126.0
1798,127.0,128.0,127.0,126.0
1799,124.0,128.0,126.0,125.0
